id,instrumento,tc,recebedor,municipio_beneficiado,municipio,uf,data_assinatura,data_retirada_suspensiva,data_vigencia,valor_investimento,valor_repasse,objeto,programa_codigo,programa_descricao,programa,acao_orcamentaria,email_remetente,email_assunto,data_aio_recebido,email_id,criado_em
29,974524,1100343,MUNICIPIO DE SANTA MARIA DAS BARREIRAS,SANTA MARIA DAS BARREIRAS/PA,SANTA MARIA DAS BARREIRAS,PA,2025-05-09,2025-12-16,2028-05-09,3331250.00,3250000.00,Construção de unidades habitacionais para população do Município de Santa Maria das Barreiras-PA.,5600020240048,"Minha Casa, Minha Vida - MCMV FNHIS Sub 50","5600020240048 - Minha Casa, Minha Vida - MCMV FNHIS Sub 50",232000TI,GEPAC - GN Programa de Aceleração do Crescimento e Contrato de Repasse <gepac@caixa.gov.br>,#EXTERNO.CONFIDENCIAL | Ofício: 428/2026 | Referência: 974524 | Assunto: Novo PAC - Autorização para Início do Objeto - AIO - FNHIS Sub 50,2026-05-25 19:07:00-0300,19e641b91adf9c12,2026-05-26 08:52:32-0300
33,989869,1103739,MUNICIPIO DE CARVALHOS,CARVALHOS/MG,CARVALHOS,MG,2025-12-23,2025-12-29,2029-12-23,2870000.00,2800000.00,"Provisão de unidades habitacionais no município de Carvalhos pelo Programa Minha Casa, Minha Vida",5600020250030,"Minha Casa, Minha Vida - MCMV FNHIS Sub 50","5600020250030 - Minha Casa, Minha Vida - MCMV FNHIS Sub 50",232000TI,GEPAC07 <GEPAC07@CAIXA.GOV.BR>,"Novo PAC - Solicita Autorização para Início de Execução do Objeto (AIO) - MUNICIPIO DE CARVALHOS, TC 989869 - 5600020250030 - Minha Casa, Minha Vida - MCMV FNHIS Sub 50",2026-05-25 18:46:00-0300,19e641a6b7667190,2026-05-26 08:52:33-0300
32,970254,1098940,MUNICIPIO DE PAU D'ARCO,PAU D'ARCO/PA,PAU D'ARCO,PA,2024-12-12,2025-12-24,2028-09-12,3250000.00,3250000.00,Construção de Unidades Habitacionais no município de Pau D'arco PA.,5600020240048,"Minha Casa, Minha Vida - MCMV FNHIS Sub 50","5600020240048 - Minha Casa, Minha Vida - MCMV FNHIS Sub 50",232000TI,GEPAC07 <GEPAC07@CAIXA.GOV.BR>,"Novo PAC - Solicita Autorização para Início de Execução do Objeto (AIO) - MUNICIPIO DE PAU D'ARCO, TC 970254 - 5600020240048 - Minha Casa, Minha Vida - MCMV FNHIS Sub 50",2026-05-25 18:46:00-0300,19e641a8da1c37b7,2026-05-26 08:52:33-0300
31,974096,1100285,MUNICIPIO DE BELA VISTA DE MINAS,BELA VISTA DE MINAS/MG,BELA VISTA DE MINAS,MG,2025-05-12,2025-12-11,2029-05-30,4037026.07,3250000.00,CONSTRUÇÃO DE UNIDADES HABITACIONAIS NO MUNICÍPIO DE BELA VISTA DE MINAS/MG,5600020240048,"Minha Casa, Minha Vida - MCMV FNHIS Sub 50","5600020240048 - Minha Casa, Minha Vida - MCMV FNHIS Sub 50",232000TI,GEPAC07 <GEPAC07@CAIXA.GOV.BR>,"Novo PAC - Solicita Autorização para Início de Execução do Objeto (AIO) - MUNICIPIO DE BELA VISTA DE MINAS, TC 974096 - 5600020240048 - Minha Casa, Minha Vida - MCMV FNHIS Sub 50",2026-05-25 18:46:00-0300,19e641a9f1ae5b13,2026-05-26 08:52:33-0300
30,992235,1106144,MUNICIPIO DE PONTALINA,PONTALINA/GO,PONTALINA,GO,2026-02-13,2026-02-18,2029-04-13,2859912.06,2800000.00,Provisão habitacional no município de Pontalina -GO.,5600020250030,"Minha Casa, Minha Vida - MCMV FNHIS Sub 50","5600020250030 - Minha Casa, Minha Vida - MCMV FNHIS Sub 50",232000TI,GEPAC07 <GEPAC07@CAIXA.GOV.BR>,"Novo PAC - Solicita Autorização para Início de Execução do Objeto (AIO) - MUNICIPIO DE PONTALINA, TC 992235 - 5600020250030 - Minha Casa, Minha Vida - MCMV FNHIS Sub 50",2026-05-25 18:46:00-0300,19e641ab63508e37,2026-05-26 08:52:32-0300
34,990451,1106141,MUNICIPIO DE NOVA AMERICA,NOVA AMÉRICA/GO,NOVA AMÉRICA,GO,2025-12-29,2025-12-30,2028-09-30,2859092.38,2800000.00,Provisão Habitacional no Município de Nova América - GO,5600020250030,"Minha Casa, Minha Vida - MCMV FNHIS Sub 50","5600020250030 - Minha Casa, Minha Vida - MCMV FNHIS Sub 50",232000TI,GEPAC07 <GEPAC07@CAIXA.GOV.BR>,"Novo PAC - Solicita Autorização para Início de Execução do Objeto (AIO) - MUNICIPIO DE NOVA AMERICA, TC 990451 - 5600020250030 - Minha Casa, Minha Vida - MCMV FNHIS Sub 50",2026-05-25 14:45:00-0300,19e641a3c89b60a0,2026-05-26 08:52:33-0300
41,970783,1099209,MUNICIPIO DE SANTO ANTONIO DO JACINTO,SANTO ANTÔNIO DO JACINTO/MG,SANTO ANTÔNIO DO JACINTO,MG,2024-12-19,2025-12-17,2028-09-19,3470499.53,3120000.00,"Construção de Unidades Habitacionais no Municipio de Santo Antônio do Jacinto, para atendimento ao programa MCMV FNHIS Sub 50",5600020240048,"Minha Casa, Minha Vida - MCMV FNHIS Sub 50","5600020240048 - Minha Casa, Minha Vida - MCMV FNHIS Sub 50",232000TI,GEPAC07 <GEPAC07@CAIXA.GOV.BR>,"Novo PAC - Solicita Autorização para Início de Execução do Objeto (AIO) - MUNICIPIO DE SANTO ANTONIO DO JACINTO, TC 970783 - 5600020240048 - Minha Casa, Minha Vida - MCMV FNHIS Sub 50",2026-05-25 12:48:00-0300,19e641957767f227,2026-05-26 08:52:35-0300
40,983506,1104351,MUNICIPIO DE RIO DOS INDIOS,RIO DOS ÍNDIOS/RS,RIO DOS ÍNDIOS,RS,2025-11-27,2025-11-27,2028-09-30,2937120.65,2800000.00,Provisão de unidades habitacionais em loteamento urbano do município de Rio dos Índios,5600020250030,"Minha Casa, Minha Vida - MCMV FNHIS Sub 50","5600020250030 - Minha Casa, Minha Vida - MCMV FNHIS Sub 50",232000TI,GEPAC07 <GEPAC07@CAIXA.GOV.BR>,"Novo PAC - Solicita Autorização para Início de Execução do Objeto (AIO) - MUNICIPIO DE RIO DOS INDIOS, TC 983506 - 5600020250030 - Minha Casa, Minha Vida - MCMV FNHIS Sub 50",2026-05-25 12:48:00-0300,19e64197bdaa562e,2026-05-26 08:52:35-0300
39,991884,1103161,MUNICIPIO DE SAO FRANCISCO DO PARA,SÃO FRANCISCO DO PARÁ/PA,SÃO FRANCISCO DO PARÁ,PA,2025-12-31,2026-02-10,2027-12-31,3080000.00,3080000.00,"Provisão de unidades habitacionais no município de São Francisco do Pará, em conformidade com as diretrizes do Programa Minha Casa, Minha Vida – Sub 50.",5600020250030,"Minha Casa, Minha Vida - MCMV FNHIS Sub 50","5600020250030 - Minha Casa, Minha Vida - MCMV FNHIS Sub 50",232000TI,GEPAC07 <GEPAC07@CAIXA.GOV.BR>,"Novo PAC - Solicita Autorização para Início de Execução do Objeto (AIO) - MUNICIPIO DE SAO FRANCISCO DO PARA, TC 991884 - 5600020250030 - Minha Casa, Minha Vida - MCMV FNHIS Sub 50",2026-05-25 12:48:00-0300,19e6419925d8d829,2026-05-26 08:52:34-0300
38,974837,1100180,MUNICIPIO DE PEDRO CANARIO,PEDRO CANÁRIO/ES,PEDRO CANÁRIO,ES,2025-05-15,2025-11-27,2029-05-15,3720456.21,3250000.00,Construção de Unidades Habitacionais no município de Pedro Canário-ES,5600020240048,"Minha Casa, Minha Vida - MCMV FNHIS Sub 50","5600020240048 - Minha Casa, Minha Vida - MCMV FNHIS Sub 50",232000TI,GEPAC07 <GEPAC07@CAIXA.GOV.BR>,"Novo PAC - Solicita Autorização para Início de Execução do Objeto (AIO) - MUNICIPIO DE PEDRO CANARIO, TC 974837 - 5600020240048 - Minha Casa, Minha Vida - MCMV FNHIS Sub 50",2026-05-25 12:48:00-0300,19e6419af1775407,2026-05-26 08:52:34-0300
37,974777,1100002,MUNICIPIO DE CARNAUBAL,CARNAUBAL/CE,CARNAUBAL,CE,2025-05-12,2025-12-24,2029-05-12,3363328.58,3250000.00,Produção de unidades habitacionais no município de Carnaubal/CE,5600020240048,"Minha Casa, Minha Vida - MCMV FNHIS Sub 50","5600020240048 - Minha Casa, Minha Vida - MCMV FNHIS Sub 50",232000TI,GEPAC07 <GEPAC07@CAIXA.GOV.BR>,"Novo PAC - Solicita Autorização para Início de Execução do Objeto (AIO) - MUNICIPIO DE CARNAUBAL, TC 974777 - 5600020240048 - Minha Casa, Minha Vida - MCMV FNHIS Sub 50",2026-05-25 12:48:00-0300,19e6419cc0084d3a,2026-05-26 08:52:34-0300
36,983430,1104091,MUNICIPIO DE IPIRANGA,IPIRANGA/PR,IPIRANGA,PR,2025-10-31,2025-11-05,2029-10-31,2800000.00,2800000.00,Provisão habitacional no Município de Ipiranga/PR,5600020250030,"Minha Casa, Minha Vida - MCMV FNHIS Sub 50","5600020250030 - Minha Casa, Minha Vida - MCMV FNHIS Sub 50",232000TI,GEPAC07 <GEPAC07@CAIXA.GOV.BR>,"Novo PAC - Solicita Autorização para Início de Execução do Objeto (AIO) - MUNICIPIO DE IPIRANGA, TC 983430 - 5600020250030 - Minha Casa, Minha Vida - MCMV FNHIS Sub 50",2026-05-25 12:48:00-0300,19e6419f3fe3b7e3,2026-05-26 08:52:34-0300
35,987341,1106560,MUNICIPIO DE PEDERNEIRAS,PEDERNEIRAS/SP,PEDERNEIRAS,SP,2025-12-10,2025-12-16,2029-12-10,6064855.33,5600000.00,Provisão de unidades habitacionais no município de Pederneiras/SP.,5600020250030,"Minha Casa, Minha Vida - MCMV FNHIS Sub 50","5600020250030 - Minha Casa, Minha Vida - MCMV FNHIS Sub 50",232000TI,GEPAC07 <GEPAC07@CAIXA.GOV.BR>,"Novo PAC - Solicita Autorização para Início de Execução do Objeto (AIO) - MUNICIPIO DE PEDERNEIRAS, TC 987341 - 5600020250030 - Minha Casa, Minha Vida - MCMV FNHIS Sub 50",2026-05-25 12:48:00-0300,19e641a0e390a974,2026-05-26 08:52:33-0300
43,987619,1103431,MUNICIPIO DE SATUBINHA,SATUBINHA/MA,SATUBINHA,MA,2025-12-11,2025-12-11,2029-12-11,2800000.00,2800000.00,PROVISÃO HABITACIONAL NO MUNICÍPIO DE SATUBINHA - MA.,5600020250030,"Minha Casa, Minha Vida - MCMV FNHIS Sub 50","5600020250030 - Minha Casa, Minha Vida - MCMV FNHIS Sub 50",232000TI,GEPAC07 <GEPAC07@CAIXA.GOV.BR>,"Novo PAC - Solicita Autorização para Início de Execução do Objeto (AIO) - MUNICIPIO DE SATUBINHA, TC 987619 - 5600020250030 - Minha Casa, Minha Vida - MCMV FNHIS Sub 50",2026-05-25 10:49:00-0300,19e641778bbcc6f9,2026-05-26 08:52:35-0300
42,974734,1100548,MUNICIPIO DE RUY BARBOSA,RUY BARBOSA/RN,RUY BARBOSA,RN,2025-05-14,2025-11-25,2029-05-14,3331250.56,3250000.00,"Construção de unidades habitacionais em áreas urbanas - MCMV – FNHIS sub 50, no Município de Ruy Barbosa-RN",5600020240048,"Minha Casa, Minha Vida - MCMV FNHIS Sub 50","5600020240048 - Minha Casa, Minha Vida - MCMV FNHIS Sub 50",232000TI,GEPAC07 <GEPAC07@CAIXA.GOV.BR>,"Novo PAC - Solicita Autorização para Início de Execução do Objeto (AIO) - MUNICIPIO DE RUY BARBOSA, TC 974734 - 5600020240048 - Minha Casa, Minha Vida - MCMV FNHIS Sub 50",2026-05-25 10:49:00-0300,19e6419370de0c91,2026-05-26 08:52:35-0300
17,992388,1103140,MUNICIPIO DE BREU BRANCO,BREU BRANCO/PA,BREU BRANCO,PA,2026-02-24,2026-02-25,2029-02-24,6160000.00,6160000.00,Provisão de unidades habitacionais no Município de Breu Branco/PA,5600020250030,"Minha Casa, Minha Vida - MCMV FNHIS Sub 50","5600020250030 - Minha Casa, Minha Vida - MCMV FNHIS Sub 50",232000TI,GEPAC07 <GEPAC07@CAIXA.GOV.BR>,"Novo PAC - Solicita Autorização para Início de Execução do Objeto (AIO) - MUNICIPIO DE BREU BRANCO, TC 992388 - 5600020250030 - Minha Casa, Minha Vida - MCMV FNHIS Sub 50",2026-05-22 18:48:00-0300,19e60456e86e00d8,2026-05-25 14:54:58-0300
4,987333,1106419,MUNICIPIO DE NOVA INDEPENDENCIA,NOVA INDEPENDÊNCIA/SP,NOVA INDEPENDÊNCIA,SP,2025-12-15,2025-12-18,2029-04-05,2800000.00,2800000.00,"Provisão de unidades habitacionais através do Programa Minha Casa, Minha Vida Sub 50 com recursos do Fundo Nacional de Habitação de Interesse Social.",5600020250030,"Minha Casa, Minha Vida - MCMV FNHIS Sub 50","5600020250030 - Minha Casa, Minha Vida - MCMV FNHIS Sub 50",232000TI,GEPAC07 <GEPAC07@CAIXA.GOV.BR>,"Novo PAC - Solicita Autorização para Início de Execução do Objeto (AIO) - MUNICIPIO DE NOVA INDEPENDENCIA, TC 987333 - 5600020250030 - Minha Casa, Minha Vida - MCMV FNHIS Sub 50",2026-05-22 18:48:00-0300,19e5aa105f3c3493,2026-05-24 16:21:20-0300
3,989882,1103812,MUNICIPIO DE SERRA DA SAUDADE,SERRA DA SAUDADE/MG,SERRA DA SAUDADE,MG,2025-12-23,2025-12-24,2029-12-23,3029436.90,2800000.00,Provisão habitacional no município de Serra da Saudade/MG,5600020250030,"Minha Casa, Minha Vida - MCMV FNHIS Sub 50","5600020250030 - Minha Casa, Minha Vida - MCMV FNHIS Sub 50",232000TI,GEPAC07 <GEPAC07@CAIXA.GOV.BR>,"Novo PAC - Solicita Autorização para Início de Execução do Objeto (AIO) - MUNICIPIO DE SERRA DA SAUDADE, TC 989882 - 5600020250030 - Minha Casa, Minha Vida - MCMV FNHIS Sub 50",2026-05-22 18:48:00-0300,19e5aa13211bc0b3,2026-05-24 16:21:20-0300
2,986939,1105091,MUNICIPIO DE CACULE,CACULÉ/BA,CACULÉ,BA,2025-12-10,2025-12-10,2028-09-10,2800000.00,2800000.00,Provisão habitacional no Município de Caculé/BA.,5600020250030,"Minha Casa, Minha Vida - MCMV FNHIS Sub 50","5600020250030 - Minha Casa, Minha Vida - MCMV FNHIS Sub 50",232000TI,GEPAC07 <GEPAC07@CAIXA.GOV.BR>,"Novo PAC - Solicita Autorização para Início de Execução do Objeto (AIO) - MUNICIPIO DE CACULE, TC 986939 - 5600020250030 - Minha Casa, Minha Vida - MCMV FNHIS Sub 50",2026-05-22 18:48:00-0300,19e5aa1c90506540,2026-05-24 16:21:20-0300
20,987274,1106572,MUNICIPIO DE CANDIDO MOTA,CÂNDIDO MOTA/SP,CÂNDIDO MOTA,SP,2025-12-16,2025-12-17,2029-04-05,3135300.96,2800000.00,CONSTRUÇÃO DE UNIDADES HABITACIONAIS.,5600020250030,"Minha Casa, Minha Vida - MCMV FNHIS Sub 50","5600020250030 - Minha Casa, Minha Vida - MCMV FNHIS Sub 50",232000TI,GEPAC07 <GEPAC07@CAIXA.GOV.BR>,"Novo PAC - Solicita Autorização para Início de Execução do Objeto (AIO) - MUNICIPIO DE CANDIDO MOTA, TC 987274 - 5600020250030 - Minha Casa, Minha Vida - MCMV FNHIS Sub 50",2026-05-22 16:45:00-0300,19e6044ef3494f41,2026-05-25 14:54:59-0300
19,974296,1100271,MUNICIPIO DE VARZEA DA PALMA,VÁRZEA DA PALMA/MG,VÁRZEA DA PALMA,MG,2025-05-09,2025-12-18,2030-05-09,6500000.00,6493500.00,Construção de moradias populares,5600020240048,"Minha Casa, Minha Vida - MCMV FNHIS Sub 50","5600020240048 - Minha Casa, Minha Vida - MCMV FNHIS Sub 50",232000TI,GEPAC07 <GEPAC07@CAIXA.GOV.BR>,"Novo PAC - Solicita Autorização para Início de Execução do Objeto (AIO) - MUNICIPIO DE VARZEA DA PALMA, TC 974296 - 5600020240048 - Minha Casa, Minha Vida - MCMV FNHIS Sub 50",2026-05-22 16:45:00-0300,19e60451d1193ebd,2026-05-25 14:54:58-0300
18,992596,1103843,MUNICIPIO DE GUARDA MOR,GUARDA-MOR/MG,GUARDA-MOR,MG,2026-03-02,2026-03-03,2027-09-02,3112079.02,2800000.00,Provisão habitacional no município de Guarda-Mor/MG,5600020250030,"Minha Casa, Minha Vida - MCMV FNHIS Sub 50","5600020250030 - Minha Casa, Minha Vida - MCMV FNHIS Sub 50",232000TI,GEPAC07 <GEPAC07@CAIXA.GOV.BR>,"Novo PAC - Solicita Autorização para Início de Execução do Objeto (AIO) - MUNICIPIO DE GUARDA MOR, TC 992596 - 5600020250030 - Minha Casa, Minha Vida - MCMV FNHIS Sub 50",2026-05-22 16:45:00-0300,19e604537555d46d,2026-05-25 14:54:58-0300
1,969603,1098544,MUNICIPIO DE BAURU,BAURU/SP,BAURU,SP,2024-12-02,2025-10-23,2028-09-02,2300000.00,1500000.00,Elaboração de estudos - VLT Bauru,5600020240045,Novo PAC - Mobilidade Urbana Sustentável: Mobilidade Grandes e Médias Cidades,5600020240045 - Novo PAC - Mobilidade Urbana Sustentável: Mobilidade Grandes e Médias Cidades,231900T3,GEPAC07 <GEPAC07@CAIXA.GOV.BR>,"Novo PAC - Solicita Autorização para Início de Execução do Objeto (AIO) - MUNICIPIO DE BAURU, TC 969603 - 5600020240045 - Novo PAC - Mobilidade Urbana Sustentável: Mobilidade Grandes e Médias Cidades",2026-05-22 16:45:00-0300,19e5aa2244475547,2026-05-24 16:21:19-0300
21,986965,1102932,MUNICIPIO DE ACOPIARA,ACOPIARA/CE,ACOPIARA,CE,2025-12-10,2025-12-12,2029-12-10,5880952.22,5600000.00,PROVISÃO HABITACIONAL NO MUNICÍPIO DE ACOPIARA/CE,5600020250030,"Minha Casa, Minha Vida - MCMV FNHIS Sub 50","5600020250030 - Minha Casa, Minha Vida - MCMV FNHIS Sub 50",232000TI,GEPAC07 <GEPAC07@CAIXA.GOV.BR>,"Novo PAC - Solicita Autorização para Início de Execução do Objeto (AIO) - MUNICIPIO DE ACOPIARA, TC 986965 - 5600020250030 - Minha Casa, Minha Vida - MCMV FNHIS Sub 50",2026-05-22 14:55:00-0300,19e6044c0bccd721,2026-05-25 14:54:59-0300
23,974305,1099961,MUNICIPIO DE SANTA CECILIA,SANTA CECÍLIA/SC,SANTA CECÍLIA,SC,2025-05-28,2025-11-24,2028-05-28,2730000.00,2600000.00,Construção de Unidades Habitacionais,5600020240048,"Minha Casa, Minha Vida - MCMV FNHIS Sub 50","5600020240048 - Minha Casa, Minha Vida - MCMV FNHIS Sub 50",232000TI,GEPAC07 <GEPAC07@CAIXA.GOV.BR>,"Novo PAC - Solicita Autorização para Início de Execução do Objeto (AIO) - MUNICIPIO DE SANTA CECILIA, TC 974305 - 5600020240048 - Minha Casa, Minha Vida - MCMV FNHIS Sub 50",2026-05-22 12:44:00-0300,19e6044842e766ce,2026-05-25 14:54:59-0300
22,974040,1100201,MUNICIPIO DE ALTO PARNAIBA,ALTO PARNAÍBA/MA,ALTO PARNAÍBA,MA,2025-05-06,2025-07-24,2029-05-06,3250000.00,3250000.00,PROVISÃO DE UNIDADES HABITACIONAIS NO MUNICÍPIO DE ALTO PARNAÍBA/MA,5600020240048,"Minha Casa, Minha Vida - MCMV FNHIS Sub 50","5600020240048 - Minha Casa, Minha Vida - MCMV FNHIS Sub 50",232000TI,GEPAC07 <GEPAC07@CAIXA.GOV.BR>,"Novo PAC - Solicita Autorização para Início de Execução do Objeto (AIO) - MUNICIPIO DE ALTO PARNAIBA, TC 974040 - 5600020240048 - Minha Casa, Minha Vida - MCMV FNHIS Sub 50",2026-05-22 12:44:00-0300,19e6044b0e381bf3,2026-05-25 14:54:59-0300
24,969600,1098521,SECRETARIA DE DESENVOLVIMENTO URBANO E HABITACAO,RECIFE/PE,RECIFE,PE,2024-12-31,2025-06-10,2030-12-31,258770561.53,258770561.53,Obras de Implantação / Requalificação de Corredores exclusivos de ônibus: Norte-Sul e Leste-Oeste na região Metropolitana de Recife no estado de Pernambuco.,5600020240045,Novo PAC - Mobilidade Urbana Sustentável: Mobilidade Grandes e Médias Cidades,5600020240045 - Novo PAC - Mobilidade Urbana Sustentável: Mobilidade Grandes e Médias Cidades,231900T3,GEPAC07 <GEPAC07@CAIXA.GOV.BR>,"Novo PAC - Solicita Autorização para Início de Execução do Objeto (AIO) - SECRETARIA DE DESENVOLVIMENTO URBANO E HABITACAO, TC 969600 - 5600020240045 - Novo PAC - Mobilidade Urbana Sustentável: Mobilidade Grandes e Médias Cidades",2026-05-22 06:40:00-0300,19e60445ce6e7a07,2026-05-25 14:54:59-0300
123,986806,1103292,MUNICIPIO DE ARAGUANA,ARAGUANÃ/TO,ARAGUANÃ,TO,2025-12-03,2025-12-05,2029-11-30,3085000.00,3080000.00,Provisão habitacional no Município de Araguanã-TO,5600020250030,"Minha Casa, Minha Vida - MCMV FNHIS Sub 50","5600020250030 - Minha Casa, Minha Vida - MCMV FNHIS Sub 50",232000TI,GEPAC07 <GEPAC07@CAIXA.GOV.BR>,"Novo PAC - Solicita Autorização para Início de Execução do Objeto (AIO) - MUNICIPIO DE ARAGUANA, TC 986806 - 5600020250030 - Minha Casa, Minha Vida - MCMV FNHIS Sub 50",,19e987673520c806,2026-06-08 11:27:53-0300
122,990515,1106585,MUNICIPIO DE NOVO HORIZONTE,NOVO HORIZONTE/SP,NOVO HORIZONTE,SP,2025-12-30,2026-01-09,2029-12-30,7005349.29,5600000.00,Produção de Unidades Habitacionais 2025,5600020250030,"Minha Casa, Minha Vida - MCMV FNHIS Sub 50","5600020250030 - Minha Casa, Minha Vida - MCMV FNHIS Sub 50",232000TI,GEPAC07 <GEPAC07@CAIXA.GOV.BR>,"Novo PAC - Solicita Autorização para Início de Execução do Objeto (AIO) - MUNICIPIO DE NOVO HORIZONTE, TC 990515 - 5600020250030 - Minha Casa, Minha Vida - MCMV FNHIS Sub 50",,19e987673768d69d,2026-06-08 11:27:52-0300
121,986949,1103037,MUNICIPIO DE CATUNDA,CATUNDA/CE,CATUNDA,CE,2025-12-10,2025-12-11,2029-12-10,2800000.00,2800000.00,Provisão de unidades habitacionais no município de Catunda (CE),5600020250030,"Minha Casa, Minha Vida - MCMV FNHIS Sub 50","5600020250030 - Minha Casa, Minha Vida - MCMV FNHIS Sub 50",232000TI,GEPAC07 <GEPAC07@CAIXA.GOV.BR>,"Novo PAC - Solicita Autorização para Início de Execução do Objeto (AIO) - MUNICIPIO DE CATUNDA, TC 986949 - 5600020250030 - Minha Casa, Minha Vida - MCMV FNHIS Sub 50",,19e987675ed9b373,2026-06-08 11:27:52-0300
120,970496,1099067,MUNICIPIO DE IBICUITINGA,IBICUITINGA/CE,IBICUITINGA,CE,2024-12-19,2025-12-03,2028-09-30,3758306.85,3250000.00,CONSTRUÇÃO DE UNIDADES HABITACIONAIS NO MUNICÍPIO DE IBICUITINGA - CE,5600020240048,"Minha Casa, Minha Vida - MCMV FNHIS Sub 50","5600020240048 - Minha Casa, Minha Vida - MCMV FNHIS Sub 50",232000TI,GEPAC07 <GEPAC07@CAIXA.GOV.BR>,"Novo PAC - Solicita Autorização para Início de Execução do Objeto (AIO) - MUNICIPIO DE IBICUITINGA, TC 970496 - 5600020240048 - Minha Casa, Minha Vida - MCMV FNHIS Sub 50",,19e98767ae719b3a,2026-06-08 11:27:52-0300
119,986950,1104824,MUNICIPIO DE CACHOEIRA,CACHOEIRA/BA,CACHOEIRA,BA,2025-12-22,2025-12-31,2029-12-22,5600000.00,5600000.00,Provisão habitacional no município de Cachoeira/BA.,5600020250030,"Minha Casa, Minha Vida - MCMV FNHIS Sub 50","5600020250030 - Minha Casa, Minha Vida - MCMV FNHIS Sub 50",232000TI,GEPAC07 <GEPAC07@CAIXA.GOV.BR>,"Novo PAC - Solicita Autorização para Início de Execução do Objeto (AIO) - MUNICIPIO DE CACHOEIRA, TC 986950 - 5600020250030 - Minha Casa, Minha Vida - MCMV FNHIS Sub 50",,19e98767ee81f3db,2026-06-08 11:27:52-0300
118,987329,1103194,MUNICIPIO DE BANDEIRANTE,BANDEIRANTE/SC,BANDEIRANTE,SC,2025-12-11,2025-12-11,2029-12-11,3193108.30,2800000.00,Provisão de unidades habitacionais de interesse social no Município de Bandeirante/SC.,5600020250030,"Minha Casa, Minha Vida - MCMV FNHIS Sub 50","5600020250030 - Minha Casa, Minha Vida - MCMV FNHIS Sub 50",232000TI,GEPAC07 <GEPAC07@CAIXA.GOV.BR>,"Novo PAC - Solicita Autorização para Início de Execução do Objeto (AIO) - MUNICIPIO DE BANDEIRANTE, TC 987329 - 5600020250030 - Minha Casa, Minha Vida - MCMV FNHIS Sub 50",,19e9952ba067f7a4,2026-06-08 11:27:51-0300
117,974176,1100046,MUNICIPIO DE ALVARAES,ALVARÃES/AM,ALVARÃES,AM,2025-05-14,2025-08-20,2029-05-14,3260000.00,3250000.00,CONSTRUÇÃO DE CASAS POPULARES NO MUNICIPIO DE ALVARÃES/AM,5600020240048,"Minha Casa, Minha Vida - MCMV FNHIS Sub 50","5600020240048 - Minha Casa, Minha Vida - MCMV FNHIS Sub 50",232000TI,GEPAC07 <GEPAC07@CAIXA.GOV.BR>,"Novo PAC - Solicita Autorização para Início de Execução do Objeto (AIO) - MUNICIPIO DE ALVARAES, TC 974176 - 5600020240048 - Minha Casa, Minha Vida - MCMV FNHIS Sub 50",,19e9952bb052c38b,2026-06-08 11:27:51-0300
116,974494,1100385,MUNICIPIO DE NOVA FLORESTA,NOVA FLORESTA/PB,NOVA FLORESTA,PB,2025-05-08,2025-10-13,2029-05-08,3250000.00,3250000.00,Provisão de unidades habitacionais no Município de Nova Floresta.,5600020240048,"Minha Casa, Minha Vida - MCMV FNHIS Sub 50","5600020240048 - Minha Casa, Minha Vida - MCMV FNHIS Sub 50",232000TI,GEPAC07 <GEPAC07@CAIXA.GOV.BR>,"Novo PAC - Solicita Autorização para Início de Execução do Objeto (AIO) - MUNICIPIO DE NOVA FLORESTA, TC 974494 - 5600020240048 - Minha Casa, Minha Vida - MCMV FNHIS Sub 50",,19e9952be331d91c,2026-06-08 11:27:51-0300
115,986812,1103306,MUNICIPIO DE MAURILANDIA DO TOCANTINS,MAURILÂNDIA DO TOCANTINS/TO,MAURILÂNDIA DO TOCANTINS,TO,2025-12-10,2025-12-16,2029-11-30,3080000.00,3080000.00,Provisão habitacional no Município de Maurilândia do Tocantins - TO,5600020250030,"Minha Casa, Minha Vida - MCMV FNHIS Sub 50","5600020250030 - Minha Casa, Minha Vida - MCMV FNHIS Sub 50",232000TI,GEPAC07 <GEPAC07@CAIXA.GOV.BR>,"Novo PAC - Solicita Autorização para Início de Execução do Objeto (AIO) - MUNICIPIO DE MAURILANDIA DO TOCANTINS, TC 986812 - 5600020250030 - Minha Casa, Minha Vida - MCMV FNHIS Sub 50",,19e9a2c0fc96c168,2026-06-08 11:27:50-0300
114,986957,1103044,MUNICIPIO DE FORQUILHA,FORQUILHA/CE,FORQUILHA,CE,2025-12-11,2025-12-12,2029-12-11,2870741.16,2800000.00,Provisão de unidades habitacionais no município de Forquilha/CE.,5600020250030,"Minha Casa, Minha Vida - MCMV FNHIS Sub 50","5600020250030 - Minha Casa, Minha Vida - MCMV FNHIS Sub 50",232000TI,GEPAC07 <GEPAC07@CAIXA.GOV.BR>,"Novo PAC - Solicita Autorização para Início de Execução do Objeto (AIO) - MUNICIPIO DE FORQUILHA, TC 986957 - 5600020250030 - Minha Casa, Minha Vida - MCMV FNHIS Sub 50",,19e9a2c0fe1aadd8,2026-06-08 11:27:50-0300
113,989873,1103625,MUNICIPIO DE LIMEIRA DO OESTE,LIMEIRA DO OESTE/MG,LIMEIRA DO OESTE,MG,2025-12-24,2025-12-26,2028-12-24,3795184.40,2800000.00,PRODUÇÃO DE UNIDADES HABITACIONAIS NO MUNICÍPIO DE LIMEIRA DO OESTE/MG.,5600020250030,"Minha Casa, Minha Vida - MCMV FNHIS Sub 50","5600020250030 - Minha Casa, Minha Vida - MCMV FNHIS Sub 50",232000TI,GEPAC07 <GEPAC07@CAIXA.GOV.BR>,"Novo PAC - Solicita Autorização para Início de Execução do Objeto (AIO) - MUNICIPIO DE LIMEIRA DO OESTE, TC 989873 - 5600020250030 - Minha Casa, Minha Vida - MCMV FNHIS Sub 50",,19ea77cf6f1dc8a4,2026-06-08 11:27:50-0300
112,992369,1106139,MUNICIPIO DE CAMPOS VERDES,CAMPOS VERDES/GO,CAMPOS VERDES,GO,2026-02-27,2026-03-02,2028-09-30,2987347.58,2800000.00,Provisão habitacional no município de Campos Verdes/GO,5600020250030,"Minha Casa, Minha Vida - MCMV FNHIS Sub 50","5600020250030 - Minha Casa, Minha Vida - MCMV FNHIS Sub 50",232000TI,GEPAC07 <GEPAC07@CAIXA.GOV.BR>,"Novo PAC - Solicita Autorização para Início de Execução do Objeto (AIO) - MUNICIPIO DE CAMPOS VERDES, TC 992369 - 5600020250030 - Minha Casa, Minha Vida - MCMV FNHIS Sub 50",,19ea77cfb766f52a,2026-06-08 11:27:49-0300
111,974143,1100029,MUNICIPIO DE POCO DAS TRINCHEIRAS,POÇO DAS TRINCHEIRAS/AL,POÇO DAS TRINCHEIRAS,AL,2025-05-14,2025-10-14,2029-05-14,3425593.98,3250000.00,Provisão de unidades habitacionais do MCMV FNHIS no município de Poço das Trincheiras/AL.,5600020240048,"Minha Casa, Minha Vida - MCMV FNHIS Sub 50","5600020240048 - Minha Casa, Minha Vida - MCMV FNHIS Sub 50",232000TI,GEPAC07 <GEPAC07@CAIXA.GOV.BR>,"Novo PAC - Solicita Autorização para Início de Execução do Objeto (AIO) - MUNICIPIO DE POCO DAS TRINCHEIRAS, TC 974143 - 5600020240048 - Minha Casa, Minha Vida - MCMV FNHIS Sub 50",,19ea77d0136241ea,2026-06-08 11:27:49-0300
110,990460,1105278,MUNICIPIO DE DORMENTES,DORMENTES/PE,DORMENTES,PE,2025-12-30,2026-01-05,2029-12-30,3109222.40,2800000.00,"Provisão de unidades habitacionais em área urbana - MCMV FNHIS Sub 50, no Município de Dormentes-PE",5600020250030,"Minha Casa, Minha Vida - MCMV FNHIS Sub 50","5600020250030 - Minha Casa, Minha Vida - MCMV FNHIS Sub 50",232000TI,GEPAC07 <GEPAC07@CAIXA.GOV.BR>,"Novo PAC - Solicita Autorização para Início de Execução do Objeto (AIO) - MUNICIPIO DE DORMENTES, TC 990460 - 5600020250030 - Minha Casa, Minha Vida - MCMV FNHIS Sub 50",,19ea77d0598cdbab,2026-06-08 11:27:49-0300
